City_ID,City,Country,Lat,Lng,Max Temp,Humidity,Cloudiness,Wind Speed,Weather Description
0,Liverpool,GB,53.4106,-2.9779,41.61,89,20,1.99,few clouds
1,Nikolskoye,RU,59.7035,30.7861,29.71,94,100,13.15,snow
2,Mataura,NZ,-46.1927,168.8643,61.48,93,100,2.77,overcast clouds
3,Atuona,PF,-9.8,-139.0333,77.86,75,10,14.85,clear sky
4,Gwadar,PK,25.1216,62.3254,76.3,63,0,13.62,clear sky
5,Cape Town,ZA,-33.9258,18.4232,81.1,52,0,5.99,clear sky
6,Qaanaaq,GL,77.484,-69.3632,-10.28,91,95,5.93,overcast clouds
7,Olafsvik,IS,64.8945,-23.7142,35.19,95,100,27.85,light snow
8,Novouzensk,RU,50.4592,48.1431,31.8,96,100,16.84,light snow
9,Yellowknife,CA,62.456,-114.3525,-18.58,93,20,6.91,few clouds
10,Shimoda,JP,34.6667,138.95,42.1,62,100,5.41,overcast clouds
11,Tasiilaq,GL,65.6145,-37.6368,10.56,55,1,11.68,clear sky
12,Bluff,NZ,-46.6,168.3333,61.81,92,100,8.39,overcast clouds
13,Byron Bay,AU,-28.65,153.6167,79.05,86,81,8.79,broken clouds
14,Kapaa,US,22.0752,-159.319,67.12,59,38,8.57,scattered clouds
15,Busselton,AU,-33.65,115.3333,84.04,42,0,20.51,clear sky
16,Bilibino,RU,68.0546,166.4372,0.0,91,100,3.98,overcast clouds
17,Malindi,KE,-3.2175,40.1191,81.9,72,100,13.56,overcast clouds
18,Bambous Virieux,MU,-20.3428,57.7575,87.22,66,71,14.38,broken clouds
19,Rikitea,PF,-23.1203,-134.9692,76.73,63,100,6.89,overcast clouds
20,Hermanus,ZA,-34.4187,19.2345,81.9,60,41,15.88,scattered clouds
21,Zhezkazgan,KZ,47.8043,67.7144,19.38,86,75,17.9,broken clouds
22,Punta Arenas,CL,-53.15,-70.9167,41.11,70,86,12.53,overcast clouds
23,Hobart,AU,-42.8794,147.3294,77.22,67,20,1.99,few clouds
24,Makakilo City,US,21.3469,-158.0858,72.68,70,22,9.04,few clouds
25,Valparaiso,CL,-33.0393,-71.6273,65.48,74,0,3.44,clear sky
26,Thompson,CA,55.7435,-97.8558,-5.66,99,100,2.51,overcast clouds
27,Avera,US,33.194,-82.5271,29.71,36,1,5.91,clear sky
28,Alghero,IT,40.5589,8.3181,51.89,87,20,10.36,few clouds
29,Ushuaia,AR,-54.8,-68.3,44.26,81,75,13.8,broken clouds
30,Nelson Bay,AU,-32.7167,152.15,80.1,72,62,1.01,broken clouds
31,Dmitriyevka,RU,54.75,55.3333,11.75,94,97,10.2,light snow
32,Saldanha,ZA,-33.0117,17.9442,71.1,62,0,10.33,clear sky
33,Bredasdorp,ZA,-34.5322,20.0403,78.28,59,53,17.11,broken clouds
34,Karasburg,NA,-28.0167,18.75,87.46,29,94,12.41,overcast clouds
35,New Norfolk,AU,-42.7826,147.0587,76.87,43,14,1.99,few clouds
36,Ponta Do Sol,PT,32.6667,-17.1,63.23,37,5,7.0,clear sky
37,Arraial Do Cabo,BR,-22.9661,-42.0278,74.86,95,82,4.56,broken clouds
38,Tinde,TZ,-3.8833,33.2,74.12,67,88,6.67,overcast clouds
39,Jimenez,MX,28.3333,-105.4,50.92,58,0,7.05,clear sky
40,San Patricio,US,28.017,-97.5169,53.44,66,0,7.0,clear sky
41,Carnarvon,AU,-24.8667,113.6333,82.42,70,2,14.99,clear sky
42,Kodiak,US,57.79,-152.4072,23.74,79,5,8.37,clear sky
43,Vaini,TO,-21.2,-175.2,81.16,78,100,13.85,light rain
44,Severo-Kurilsk,RU,50.6789,156.125,25.63,92,100,15.99,snow
45,Aleppo,SY,36.25,37.5,43.36,65,100,12.8,overcast clouds
46,Broken Hill,AU,-31.95,141.4333,85.82,48,100,8.21,overcast clouds
47,Vegreville,CA,53.5001,-112.0518,22.37,88,92,6.15,overcast clouds
48,Leningradskiy,RU,69.3833,178.4167,-7.19,91,100,4.0,overcast clouds
49,Hasaki,JP,35.7333,140.8333,45.0,41,100,7.49,overcast clouds
50,Narsaq,GL,60.9167,-46.05,8.82,76,87,7.81,overcast clouds
51,Berlevag,NO,70.8578,29.0864,26.47,85,100,12.41,light snow
52,Upernavik,GL,72.7868,-56.1549,-2.7,96,100,3.65,overcast clouds
53,Hofn,IS,64.2539,-15.2082,32.63,70,100,1.79,overcast clouds
54,Albany,US,42.6001,-73.9662,6.51,53,37,18.01,scattered clouds
55,Norman Wells,CA,65.282,-126.8329,-19.62,98,100,6.89,overcast clouds
56,Port Elizabeth,ZA,-33.918,25.5701,81.1,62,0,7.7,clear sky
57,Sao Domingos,BR,-13.3983,-46.3183,66.25,95,100,3.87,overcast clouds
58,Banjar,ID,-8.19,114.9675,87.66,81,100,4.0,overcast clouds
59,Aktash,RU,50.3,87.7333,8.26,70,24,3.74,few clouds
60,Puerto Ayora,EC,-0.7393,-90.3518,72.9,84,100,5.68,overcast clouds
61,Esperance,AU,-33.8667,121.9,82.2,50,18,25.32,few clouds
62,Chara,RU,56.9064,118.2631,-13.59,94,24,1.36,few clouds
63,Bethel,US,41.3712,-73.414,12.56,48,0,3.0,clear sky
64,Tsiroanomandidy,MG,-18.7667,46.0333,83.37,59,38,1.45,light rain
65,Casma,CL,-41.0082,-73.1244,56.48,99,89,4.16,overcast clouds
66,Saskylakh,RU,71.9167,114.0833,-19.26,100,100,2.84,overcast clouds
67,Jepara,ID,-5.1695,105.7044,85.73,70,100,1.59,moderate rain
68,Saint George,US,37.1041,-113.5841,46.35,30,1,1.99,clear sky
69,Caravelas,BR,-17.7125,-39.2481,74.88,87,19,7.31,few clouds
70,Kiunga,PG,-6.1219,141.2906,76.68,94,100,1.19,overcast clouds
71,Hilo,US,19.7297,-155.09,68.25,83,46,8.01,scattered clouds
72,Poronaysk,RU,49.2167,143.1167,2.8,90,100,5.95,overcast clouds
73,Port Alfred,ZA,-33.5906,26.891,78.91,62,0,11.27,clear sky
74,Touros,BR,-5.1989,-35.4608,77.7,83,98,9.17,overcast clouds
75,Cidreira,BR,-30.1811,-50.2056,72.18,63,36,11.99,scattered clouds
76,Srednekolymsk,RU,67.45,153.6833,-28.71,100,80,1.86,broken clouds
77,Victoria,HK,22.2855,114.1577,68.18,58,64,1.99,broken clouds
78,Saint Anthony,US,45.0205,-93.218,19.6,70,100,11.5,overcast clouds
79,Castro,BR,-24.7911,-50.0119,61.34,99,100,4.76,overcast clouds
80,Kruisfontein,ZA,-34.0033,24.7314,78.89,43,0,9.26,clear sky
81,Tiksi,RU,71.6872,128.8694,-12.28,99,44,1.52,scattered clouds
82,Leh,IN,34.1667,77.5833,9.9,75,42,1.57,scattered clouds
83,Kavieng,PG,-2.5744,150.7967,82.0,77,100,7.07,overcast clouds
84,Pevek,RU,69.7008,170.3133,-12.23,96,100,2.62,overcast clouds
85,Tarakan,ID,3.3,117.6333,87.3,74,40,6.91,scattered clouds
86,Sturgis,US,41.7992,-85.4192,17.67,67,100,6.91,overcast clouds
87,Chokurdakh,RU,70.6333,147.9167,-25.73,93,66,1.95,broken clouds
88,Antofagasta,CL,-23.65,-70.4,63.68,82,59,3.22,broken clouds
89,Barrow,US,71.2906,-156.7887,-5.96,97,100,11.21,overcast clouds
90,Biltine,TD,14.5333,20.9167,67.55,15,4,12.84,clear sky
91,Butaritari,KI,3.0707,172.7902,82.44,79,99,18.14,light rain
92,Bengkulu,ID,-3.8004,102.2655,81.25,83,100,8.34,overcast clouds
93,Tilichiki,RU,60.4667,166.1,16.88,71,97,17.25,overcast clouds
94,Gushikawa,JP,26.3544,127.8686,61.83,93,75,19.57,broken clouds
95,Bluefields,NI,12.0137,-83.7635,71.06,86,47,6.93,scattered clouds
96,Goure,NE,13.9835,10.2704,68.02,16,3,16.26,clear sky
97,Betanzos,ES,43.2804,-8.2147,45.09,78,0,1.99,clear sky
98,Lahaina,US,20.8783,-156.6825,73.81,81,26,6.64,scattered clouds
99,Cabo San Lucas,MX,22.8909,-109.9124,69.51,69,20,9.69,few clouds
100,Stornoway,GB,58.2093,-6.3865,39.16,86,100,1.99,overcast clouds
101,Ixtapa,MX,20.7,-105.2,68.23,89,0,3.51,clear sky
102,Kyabe,TD,9.4515,18.9449,79.65,15,15,8.16,few clouds
103,Khatanga,RU,71.9667,102.5,-18.49,94,99,7.63,overcast clouds
104,Mount Gambier,AU,-37.8333,140.7667,70.86,74,9,11.03,clear sky
105,Lebu,CL,-37.6167,-73.65,54.63,89,12,6.35,few clouds
106,East London,ZA,-33.0153,27.9116,79.29,61,0,11.77,clear sky
107,Port Hedland,AU,-20.3167,118.5667,89.65,66,31,27.63,scattered clouds
108,Nouadhibou,MR,20.931,-17.0347,62.58,78,100,19.89,overcast clouds
109,Tura,IN,25.5198,90.2201,68.13,35,36,4.72,scattered clouds
110,Kovdor,RU,67.5662,30.4758,-5.15,100,98,2.13,overcast clouds
111,Ancud,CL,-41.8697,-73.8203,49.53,78,64,8.84,broken clouds
112,Henties Bay,NA,-22.116,14.2845,65.86,77,94,6.24,overcast clouds
113,Carutapera,BR,-1.195,-46.02,73.33,94,100,3.96,overcast clouds
114,Aksarka,RU,66.5606,67.7975,-12.6,100,99,6.51,overcast clouds
115,Dikson,RU,73.5069,80.5464,6.8,94,100,15.86,overcast clouds
116,Neryungri,RU,56.6709,124.6491,-5.53,94,100,8.43,overcast clouds
117,Iwanai,JP,42.9744,140.5089,17.92,68,100,15.97,light snow
118,Flinders,AU,-34.5833,150.8552,81.21,78,82,4.45,broken clouds
119,Jamestown,US,42.097,-79.2353,9.72,10,100,3.38,overcast clouds
120,Beringovskiy,RU,63.05,179.3167,-13.11,100,86,2.68,overcast clouds
121,Mahibadhoo,MV,3.7833,72.9667,82.17,70,57,9.89,broken clouds
122,La Seyne-Sur-Mer,FR,43.0982,5.8847,43.93,47,0,5.03,clear sky
123,Sorong,ID,-0.8833,131.25,82.33,77,94,8.79,overcast clouds
124,Bathsheba,BB,13.2167,-59.5167,75.67,71,16,12.91,few clouds
125,Goundam,ML,16.4145,-3.6708,68.43,15,2,12.28,clear sky
126,Southbridge,US,42.0751,-72.0334,10.78,65,100,7.0,overcast clouds
127,Tongliao,CN,43.6125,122.2653,20.41,85,0,1.99,clear sky
128,Lagoa,PT,39.05,-27.9833,57.42,69,10,18.61,clear sky
129,Tuktoyaktuk,CA,69.4541,-133.0374,-6.36,96,100,16.62,overcast clouds
130,Muros,ES,42.7762,-9.0603,49.84,55,0,5.75,clear sky
131,Bowen,AU,-20.0167,148.2333,83.73,70,5,16.33,clear sky
132,Saint-Philippe,RE,-21.3585,55.7679,87.35,73,18,12.44,few clouds
133,Ocotitlan,MX,19.2333,-99.6167,53.31,87,20,3.44,few clouds
134,Lorengau,PG,-2.0226,147.2712,81.41,77,100,10.18,overcast clouds
135,Airai,TL,-8.9266,125.4092,67.3,76,100,5.28,heavy intensity rain
136,Vredendal,ZA,-31.6683,18.5012,91.69,20,0,4.21,clear sky
137,Tabou,CI,4.423,-7.3528,77.74,88,54,4.99,broken clouds
138,Vao,NC,-22.6667,167.4833,80.04,86,33,16.31,light rain
139,Tucupita,VE,9.0622,-62.051,66.47,95,94,2.48,overcast clouds
140,Ayagoz,KZ,47.9714,80.4392,21.06,93,100,11.74,overcast clouds
141,Sao Joao Da Barra,BR,-21.6403,-41.0511,74.89,90,85,4.65,overcast clouds
142,Williamsburg,US,37.2707,-76.7075,24.75,59,0,3.44,clear sky
143,Kavaratti,IN,10.5669,72.642,81.79,65,40,9.33,scattered clouds
144,Yulara,AU,-25.2406,130.9889,91.24,43,100,21.85,overcast clouds
145,Anklam,DE,53.8564,13.6897,42.26,66,76,32.44,broken clouds
146,Anaconda,US,46.1285,-112.9423,31.77,65,94,7.25,overcast clouds
147,Katangli,RU,51.7102,143.2326,-0.11,89,100,10.29,overcast clouds
148,Guerrero Negro,MX,27.9769,-114.0611,59.77,72,30,11.39,scattered clouds
149,Constitucion,CL,-35.3333,-72.4167,56.48,92,6,5.61,clear sky
150,Taunggyi,MM,20.7833,97.0333,72.82,16,0,9.46,clear sky
151,Sola,VU,-13.8833,167.55,81.95,80,100,17.81,light rain
152,Huanuco,PE,-9.9329,-76.2415,63.73,81,100,2.04,light rain
153,Bonthe,SL,7.5264,-12.505,75.33,78,77,2.64,broken clouds
154,Port Lincoln,AU,-34.7333,135.8667,73.74,64,0,10.78,clear sky
155,Humaita,BR,-7.5061,-63.0208,71.51,99,100,0.92,moderate rain
156,Young,UY,-32.6833,-57.6333,60.48,75,0,8.14,clear sky
157,Longyearbyen,SJ,78.2186,15.6401,8.44,66,20,13.8,few clouds
158,Bloemfontein,ZA,-29.1211,26.214,76.28,47,1,10.0,clear sky
159,Laramie,US,41.3114,-105.5911,29.95,65,0,5.75,clear sky
160,Copiapo,CL,-27.3667,-70.3333,59.32,86,0,2.08,clear sky
161,Asfi,MA,32.2994,-9.2372,61.14,50,0,9.08,clear sky
162,San Cristobal,VE,7.7669,-72.225,62.22,90,78,3.38,broken clouds
163,Korla,CN,41.7597,86.1469,32.18,34,93,3.94,overcast clouds
164,Souillac,MU,-20.5167,57.5167,87.37,65,89,14.65,overcast clouds
165,La Libertad,EC,-2.2333,-80.9,74.52,83,100,8.21,light rain
166,Yanai,JP,33.9667,132.1167,48.2,51,100,5.55,overcast clouds
167,Ewa Beach,US,21.3156,-158.0072,74.08,69,0,8.99,clear sky
168,Dakar,SN,14.6937,-17.4441,67.08,75,100,21.21,overcast clouds
169,Turukhansk,RU,65.8167,87.9833,1.99,94,100,9.17,overcast clouds
170,Chuy,UY,-33.6971,-53.4616,65.52,79,49,3.71,scattered clouds
171,Sassandra,CI,4.95,-6.0833,77.74,87,22,2.91,few clouds
172,Burnie,AU,-41.0667,145.9167,72.95,63,1,5.86,clear sky
173,Sitka,US,57.0531,-135.33,35.49,69,75,11.5,broken clouds
174,Kenai,US,60.5544,-151.2583,19.49,93,100,0.0,overcast clouds
175,Portland,US,45.5234,-122.6762,41.38,79,94,5.01,overcast clouds
176,Cayenne,GF,4.9333,-52.3333,78.1,89,0,3.0,clear sky
177,Lola,GN,7.8,-8.5333,67.75,47,62,1.12,broken clouds
178,Strezhevoy,RU,60.7333,77.5889,8.58,92,100,7.29,overcast clouds
179,Ouallam,NE,14.3188,2.0866,67.87,12,0,16.71,clear sky
180,Mahebourg,MU,-20.4081,57.7,87.26,66,77,14.09,broken clouds
181,Grand Gaube,MU,-20.0064,57.6608,87.39,57,52,11.01,broken clouds
182,La Ronge,CA,55.1001,-105.2842,13.24,96,100,5.48,light snow
183,Aguazul,CO,5.1728,-72.5471,76.91,57,100,1.92,overcast clouds
184,Hithadhoo,MV,-0.6,73.0833,81.66,66,100,4.0,overcast clouds
185,Sakakah,SA,29.9697,40.2064,51.55,35,0,13.18,clear sky
186,Ormara,PK,25.2088,64.6357,73.6,63,0,11.77,clear sky
187,Waipawa,NZ,-41.4122,175.5153,62.46,90,44,5.5,scattered clouds
188,Port Macquarie,AU,-31.4333,152.9167,76.89,79,100,5.95,overcast clouds
189,Kalanguy,RU,51.0167,116.5167,-0.17,94,21,3.31,few clouds
190,Mwense,ZM,-10.3845,28.698,67.71,97,100,0.74,light rain
191,Puri,IN,19.8,85.85,79.32,36,0,6.2,clear sky
192,Maracai,BR,-22.6106,-50.6672,69.19,99,100,4.7,overcast clouds
193,Gamboula,CF,4.1178,15.1393,79.86,17,96,8.55,overcast clouds
194,Nome,US,64.5011,-165.4064,-2.83,70,0,0.0,clear sky
195,Chisec,GT,15.8167,-90.2833,61.43,99,100,1.99,overcast clouds
196,Kieta,PG,-6.2167,155.6333,80.8,82,100,5.77,overcast clouds
197,Elizabeth City,US,36.2946,-76.2511,26.02,60,0,4.0,clear sky
198,Kozhevnikovo,RU,56.2589,83.9714,15.26,87,98,5.1,overcast clouds
199,Gornopravdinsk,RU,60.05,69.9,14.0,86,100,6.15,overcast clouds
200,Luganville,VU,-15.5333,167.1667,77.65,92,100,3.56,overcast clouds
201,San Quintin,MX,30.4833,-115.95,57.29,79,0,6.85,clear sky
202,Korba,IN,22.35,82.6833,79.65,15,0,5.91,clear sky
203,Havelock,US,34.8791,-76.9013,26.92,55,0,1.01,clear sky
204,North Battleford,CA,52.7834,-108.2847,27.41,91,100,4.56,overcast clouds
205,Luderitz,NA,-26.6481,15.1594,67.93,77,37,13.94,scattered clouds
206,Matagami,CA,49.7502,-77.6328,-5.69,84,100,8.05,overcast clouds
207,La Crosse,US,43.8014,-91.2396,19.6,82,0,1.01,clear sky
208,Kahului,US,20.8947,-156.47,73.85,70,40,9.22,scattered clouds
209,Georgetown,MY,5.4112,100.3354,93.13,67,20,8.05,few clouds
210,Mar Del Plata,AR,-38.0023,-57.5575,68.88,89,0,21.99,clear sky
211,Tual,ID,-5.6667,132.75,84.25,74,100,16.82,moderate rain
212,Zaterechnyy,RU,44.7931,45.2097,38.12,71,100,4.9,overcast clouds
213,Pagudpud,PH,18.5616,120.7868,74.98,85,74,12.46,broken clouds
214,Vardo,NO,70.3705,31.1107,25.57,78,92,5.97,overcast clouds
215,Sarkand,KZ,45.41,79.9186,31.08,97,100,3.6,light snow
216,Nanortalik,GL,60.1432,-45.2371,10.9,84,100,8.28,overcast clouds
217,Carahue,CL,-38.7,-73.1667,55.6,84,100,1.7,overcast clouds
218,Saint-Pierre,RE,-21.3393,55.4781,87.44,66,14,24.16,few clouds
219,Shubarshi,KZ,48.5872,57.1869,26.67,94,98,11.83,overcast clouds
220,Sao Lourenco Do Sul,BR,-31.3653,-51.9783,58.89,73,1,8.14,clear sky
221,Rincon,US,32.296,-81.2354,33.85,68,0,4.61,clear sky
222,Egvekinot,RU,66.3167,-179.1667,-5.08,65,20,3.31,few clouds
223,Hokitika,NZ,-42.7167,170.9667,62.98,80,96,7.11,overcast clouds
224,Diglur,IN,18.55,77.6,83.08,12,41,4.94,scattered clouds
225,Lompoc,US,34.6391,-120.4579,55.22,81,0,5.75,clear sky
226,Ribeira Grande,PT,38.5167,-28.7,55.8,76,40,5.75,scattered clouds
227,Ravar,IR,31.2656,56.8055,50.09,28,6,6.98,clear sky
228,Nuh,IN,28.1167,77.0167,66.65,41,2,13.31,clear sky
229,Aklavik,CA,68.2191,-135.0107,-3.78,91,100,9.44,overcast clouds
230,Vrani,RO,45.0383,21.4925,37.29,71,0,8.05,clear sky
231,Trinidad,BO,-14.8333,-64.9,71.89,98,98,1.81,overcast clouds
232,Poopo,BO,-18.3667,-66.9667,45.79,75,100,3.06,overcast clouds
233,Naze,JP,28.3667,129.4833,54.99,80,100,16.69,overcast clouds
234,Havoysund,NO,70.9963,24.6622,29.28,60,100,16.8,overcast clouds
235,Petropavlovsk-Kamchatskiy,RU,53.0452,158.6483,19.78,100,100,8.32,overcast clouds
236,Port Hardy,CA,50.6996,-127.4199,47.75,95,100,18.79,moderate rain
237,Sibolga,ID,1.7427,98.7792,82.62,79,98,4.9,overcast clouds
238,Ust-Tsilma,RU,65.441,52.1498,13.78,93,94,6.53,overcast clouds
239,Bartica,GY,6.4,-58.6167,70.12,99,83,1.99,broken clouds
240,Nantucket,US,41.2835,-70.0995,15.96,67,100,30.24,overcast clouds
241,Clyde River,CA,70.4692,-68.5914,-17.57,93,100,2.89,overcast clouds
242,Laguna,US,38.421,-121.4238,52.05,88,0,3.44,clear sky
243,Dingle,PH,10.9995,122.6711,85.15,69,41,4.27,scattered clouds
244,Caborca,MX,30.5838,-111.101,54.68,34,1,3.69,clear sky
245,Grindavik,IS,63.8424,-22.4338,36.07,87,75,21.85,heavy intensity rain
246,Talnakh,RU,69.4865,88.3972,1.2,97,100,7.81,overcast clouds
247,Dickinson,US,29.4608,-95.0513,53.94,81,0,3.44,clear sky
248,Olga,RU,43.7444,135.2892,14.13,53,87,9.57,overcast clouds
249,Kidal,ML,18.4411,1.4078,66.25,15,1,18.1,clear sky
250,Tartagal,AR,-22.5164,-63.8013,67.39,63,40,3.94,scattered clouds
251,Yunyang,CN,33.4474,112.7142,43.65,53,100,5.28,light rain
252,Siyabuswa,ZA,-25.1132,29.0445,74.3,64,100,6.69,overcast clouds
253,Sinnamary,GF,5.3833,-52.95,75.18,87,20,7.94,few clouds
254,Broome,US,42.2506,-75.833,6.48,83,0,5.01,clear sky
255,Snezhnogorsk,RU,69.1933,33.2531,-0.62,100,99,5.93,overcast clouds
256,Katsuura,JP,35.1333,140.3,47.19,55,100,6.64,overcast clouds
257,Abu Kamal,SY,34.4506,40.9171,50.0,58,99,6.93,overcast clouds
258,Rawson,AR,-43.3002,-65.1023,67.53,43,100,26.69,overcast clouds
259,Taseyevo,RU,57.2169,94.8978,10.49,89,100,0.94,overcast clouds
260,Marienburg,PL,54.0359,19.0266,39.85,67,98,26.13,light rain
261,Vila Franca Do Campo,PT,37.7167,-25.4333,56.19,73,23,13.38,few clouds
262,Avarua,CK,-21.2078,-159.775,77.05,88,100,6.91,overcast clouds
263,Beaverlodge,CA,55.2166,-119.4361,28.04,82,4,6.53,clear sky
264,Bacungan,PH,9.9106,118.7022,83.55,70,37,3.98,scattered clouds
265,Paita,PE,-5.0892,-81.1144,71.26,80,100,10.6,overcast clouds
266,Bandarbeyla,SO,9.4942,50.8122,78.48,63,100,17.43,overcast clouds
267,Paragominas,BR,-2.9667,-47.4833,69.46,99,100,2.8,overcast clouds
268,Helong,CN,42.5397,128.9972,18.01,62,2,9.28,clear sky
269,Skagen,DK,57.7209,10.5839,44.28,57,10,36.64,clear sky
270,Camacha,PT,33.0833,-16.3333,59.76,88,20,11.5,few clouds
271,Yar-Sale,RU,66.8333,70.8333,-6.77,96,98,8.52,overcast clouds
272,Kiknur,RU,57.3034,47.2011,14.22,94,85,8.03,overcast clouds
273,Manzanares,ES,38.9991,-3.3699,24.35,32,0,2.77,clear sky
274,Lasa,IT,46.6166,10.7002,40.3,94,51,10.42,broken clouds
275,Telimele,GN,10.9167,-13.3333,68.38,54,17,2.59,few clouds
276,Kundiawa,PG,-6.0167,144.9667,65.91,95,100,2.86,overcast clouds
277,Toropets,RU,56.4978,31.6353,25.79,95,100,13.65,light snow
278,Port Keats,AU,-14.25,129.55,84.16,76,100,20.47,overcast clouds
279,Adrar,MR,20.5022,-10.0711,66.9,15,100,11.07,overcast clouds
280,Solofra,IT,40.8295,14.8419,46.58,36,0,1.77,clear sky
281,Asau,RO,46.4333,26.4,37.76,68,93,13.04,overcast clouds
282,Meulaboh,ID,4.1363,96.1285,85.69,65,43,10.56,scattered clouds
283,Anqing,CN,30.5092,117.0506,42.53,58,79,4.32,broken clouds
284,Tamworth,GB,52.634,-1.6959,37.27,91,39,3.74,scattered clouds
285,Ostersund,SE,63.1792,14.6357,29.61,93,75,14.97,broken clouds
286,Jucas,BR,-6.5253,-39.5275,67.14,97,100,1.28,overcast clouds
287,Whitefish,US,48.4111,-114.3376,22.75,93,100,0.0,mist
288,Mairana,BO,-18.1167,-63.9333,51.17,86,12,3.65,few clouds
289,Mega,ET,4.05,38.3,73.83,21,44,22.06,scattered clouds
290,Roebourne,AU,-20.7833,117.1333,88.9,56,82,27.78,broken clouds
291,Robertsport,LR,6.7533,-11.3686,77.07,87,15,3.56,few clouds
292,Kichera,RU,55.9375,110.0997,-3.59,97,72,0.94,broken clouds
293,Kentau,KZ,43.5206,68.5094,33.71,60,0,2.86,clear sky
294,Krasnoselkup,RU,65.7,82.4667,-1.43,96,98,8.32,overcast clouds
295,Faya,SA,18.3851,42.4509,61.32,40,44,10.2,scattered clouds
296,Kaitangata,NZ,-46.2817,169.8464,57.6,94,100,1.39,overcast clouds
297,Namibe,AO,-15.1961,12.1522,73.49,70,93,6.98,overcast clouds
298,Saint-Augustin,CA,51.226,-58.6502,24.06,92,100,29.57,snow
299,Emerald,AU,-23.5333,148.1667,92.34,37,85,16.53,overcast clouds
300,Mawlaik,MM,23.6333,94.4167,79.34,26,2,2.26,clear sky
301,Keti Bandar,PK,24.1447,67.4497,75.72,61,0,12.75,clear sky
302,Bafoulabe,ML,13.8065,-10.8321,75.61,16,29,4.16,scattered clouds
303,Erzin,TR,36.9559,36.2,46.92,69,98,3.85,overcast clouds
304,Weligama,LK,5.9667,80.4167,86.94,58,13,9.08,few clouds
305,North Bend,US,43.4065,-124.2243,45.12,99,75,0.0,broken clouds
306,Biak,ID,-0.9131,122.8766,83.17,70,97,2.62,overcast clouds
307,Lorca,ES,37.6712,-1.7017,38.77,27,0,3.56,clear sky
308,Talara,PE,-4.5772,-81.2719,71.8,80,100,11.1,overcast clouds
309,Tupik,RU,54.4253,119.9327,-4.09,91,16,3.42,few clouds
310,College,US,64.8569,-147.8028,-22.34,66,0,0.0,clear sky
311,Mandalgovi,MN,45.7625,106.2708,5.94,60,12,20.56,few clouds
312,Vila Velha,BR,-20.3297,-40.2925,75.94,93,0,2.3,clear sky
313,Gizo,SB,-8.103,156.8419,83.26,75,100,7.74,light rain
314,Banapur,IN,19.7833,85.1833,76.41,31,0,4.38,clear sky
315,Erdenet,MN,49.0333,104.0833,3.92,87,18,2.68,few clouds
316,Nicoya,CR,10.1483,-85.452,72.03,80,24,7.83,few clouds
317,Beckley,US,37.7782,-81.1882,12.69,70,40,1.99,scattered clouds
318,Samarai,PG,-10.6167,150.6667,83.7,71,100,8.63,overcast clouds
319,Ponta Pora,BR,-22.5361,-55.7256,65.8,90,16,3.91,few clouds
320,Loubomo,CG,-4.1997,12.6739,77.16,84,100,2.62,overcast clouds
321,Mackenzie,CA,55.2999,-123.1698,28.96,96,100,6.53,overcast clouds
322,Udachnyy,RU,66.4167,112.4,-24.07,99,22,2.1,few clouds
323,Melville,US,40.7934,-73.4151,14.59,56,0,4.0,clear sky
324,Jelgava,LV,56.65,23.7128,35.64,84,99,14.07,overcast clouds
325,San Lorenzo,PY,-25.3333,-57.5333,72.54,64,0,5.75,clear sky
326,Provideniya,RU,64.3833,-173.3,4.3,78,6,5.35,clear sky
327,Kitgum,UG,3.2783,32.8867,88.23,22,25,5.35,scattered clouds
328,Bemidji,US,47.4736,-94.8803,10.69,85,100,8.05,overcast clouds
329,Faanui,PF,-16.4833,-151.75,80.53,72,100,6.55,light rain
330,Itoman,JP,26.1247,127.6694,62.62,92,75,27.63,broken clouds
331,Mujiayingzi,CN,42.1167,118.7833,26.47,23,6,5.26,clear sky
332,Katobu,ID,-4.9408,122.5276,86.27,58,96,8.55,light rain
333,Dauphin,CA,51.1494,-100.0502,-3.98,96,68,5.19,broken clouds
334,Huarmey,PE,-10.0681,-78.1522,69.44,89,100,7.31,overcast clouds
335,Graham,US,47.0529,-122.2943,45.9,87,100,0.0,light intensity drizzle
336,Rocha,UY,-34.4833,-54.3333,58.59,92,12,5.12,few clouds
337,Verkhnevilyuysk,RU,63.4453,120.3167,-17.19,99,83,4.05,broken clouds
338,Baykit,RU,61.67,96.37,0.73,98,92,0.89,overcast clouds
339,Hualmay,PE,-11.0964,-77.6139,69.19,87,100,7.38,overcast clouds
340,Ardakan,IR,32.31,54.0175,50.38,25,0,1.57,clear sky
341,Bambanglipuro,ID,-7.95,110.2833,83.7,73,100,8.25,overcast clouds
342,Gorontalo,ID,0.5412,123.0595,86.45,66,94,5.12,overcast clouds
343,Barcelos,PT,41.5388,-8.6151,49.68,52,0,6.11,clear sky
344,Batemans Bay,AU,-35.7167,150.1833,78.98,81,82,5.53,broken clouds
345,Noumea,NC,-22.2763,166.4572,82.99,99,97,9.01,overcast clouds
346,Cabedelo,BR,-6.9811,-34.8339,75.87,82,100,9.46,overcast clouds
347,Chilca,PE,-12.5211,-76.7372,70.61,87,100,6.8,overcast clouds
348,Fairbanks,US,64.8378,-147.7164,-23.98,66,0,0.0,clear sky
349,Paamiut,GL,61.994,-49.6678,10.63,81,100,10.16,overcast clouds
350,Salalah,OM,17.0151,54.0924,78.46,44,100,8.32,overcast clouds
351,Ilula,TZ,-7.6766,36.0366,73.71,73,60,1.95,light rain
352,Harlingen,US,26.1906,-97.6961,51.21,93,0,3.44,clear sky
353,Hattiesburg,US,31.3271,-89.2903,36.21,70,0,3.44,clear sky
354,Morant Bay,JM,17.8815,-76.4093,69.66,80,0,5.46,clear sky
355,Necochea,AR,-38.5473,-58.7368,72.03,61,15,18.16,light rain
356,Bollnas,SE,61.3482,16.3946,27.39,70,99,14.99,overcast clouds
357,Sao Jose De Ribamar,BR,-2.5619,-44.0542,75.58,89,100,5.82,overcast clouds
358,Lebork,PL,54.5392,17.7501,40.91,63,100,26.17,light rain
359,Klyuchi,RU,52.2667,79.1667,23.36,87,41,13.4,scattered clouds
360,Santa Isabel,BR,-23.3156,-46.2214,67.78,98,100,1.79,light rain
361,Vestmannaeyjar,IS,63.4427,-20.2734,38.39,82,100,22.46,overcast clouds
362,Pisco,PE,-13.7,-76.2167,68.18,85,100,2.17,overcast clouds
363,Geraldton,AU,-28.7667,114.6,82.81,65,0,19.57,clear sky
364,Kisangani,CD,0.5167,25.2,85.78,26,25,4.18,scattered clouds
365,Elko,US,41.0002,-115.5012,18.23,37,0,3.18,clear sky
366,Hamilton,US,39.1834,-84.5333,21.29,72,40,1.01,scattered clouds
367,Saint-Joseph,RE,-21.3667,55.6167,86.36,71,15,13.13,few clouds
368,Hambantota,LK,6.1241,81.1185,86.04,62,57,11.16,broken clouds
369,Labuhan,ID,-6.8844,112.2051,84.47,74,91,11.41,overcast clouds
370,Vallenar,CL,-28.5708,-70.7581,60.71,81,0,1.81,clear sky
371,Cascais,PT,38.6979,-9.4215,53.47,37,0,5.01,clear sky
372,Coquimbo,CL,-29.9533,-71.3436,58.73,88,0,4.61,clear sky
373,Tahoua,NE,14.8888,5.2692,66.65,13,1,18.1,clear sky
374,Demerval Lobao,BR,-5.3583,-42.6764,72.81,91,100,1.16,overcast clouds
375,Sao Filipe,CV,14.8961,-24.4956,70.3,73,100,12.68,overcast clouds
376,Taicheng,CN,38.731,113.228,29.5,56,91,10.71,overcast clouds
377,Kudahuvadhoo,MV,2.6708,72.8944,81.55,75,100,9.57,overcast clouds
378,Contamana,PE,-7.3333,-75.0167,73.08,97,100,1.25,overcast clouds
379,Taoudenni,ML,22.6783,-3.9836,67.98,17,89,11.52,overcast clouds
380,Sokoni,TZ,-6.4333,39.55,81.1,76,92,11.48,light rain
381,Abnub,EG,27.2696,31.1511,55.65,47,0,4.79,clear sky
382,Beira,MZ,-19.8436,34.8389,87.89,62,20,8.05,few clouds
383,Codrington,AU,-38.2667,141.9667,70.52,78,10,12.06,clear sky
384,Fortuna,US,40.5982,-124.1573,47.66,95,100,3.44,overcast clouds
385,Bubaque,GW,11.2833,-15.8333,77.63,49,63,16.08,broken clouds
386,Erdaojiang,CN,41.7764,126.0319,16.02,81,8,2.66,clear sky
387,Algete,ES,40.5971,-3.4974,44.62,49,0,3.44,clear sky
388,Waterloo,CA,43.4668,-80.5164,10.35,80,100,5.01,overcast clouds
389,Moree,AU,-29.4667,149.85,91.42,33,75,2.3,broken clouds
390,Union,US,40.6334,-74.2663,13.95,62,0,14.97,clear sky
391,Ahipara,NZ,-35.1667,173.1667,65.75,75,100,6.17,overcast clouds
392,Winnemucca,US,40.973,-117.7357,21.25,79,0,3.44,clear sky
393,Tabuk,PH,17.4189,121.4443,71.58,93,96,11.1,light rain
394,Ilulissat,GL,69.2167,-51.1,6.82,47,100,16.11,overcast clouds
395,Chalus,IR,36.655,51.4204,51.31,55,0,3.44,clear sky
396,Buraydah,SA,26.326,43.975,59.16,32,0,9.64,clear sky
397,Doboz,HU,46.7333,21.25,41.99,64,98,10.89,overcast clouds
398,Marsa Matruh,EG,31.3525,27.2453,52.9,58,9,23.58,clear sky
399,Hami,CN,42.8,93.45,28.49,30,67,1.57,broken clouds
400,Torbay,CA,47.6666,-52.7314,54.28,97,100,28.77,heavy intensity rain
401,Neuquen,AR,-38.9516,-68.0591,69.53,19,49,20.98,scattered clouds
402,Camocim,BR,-2.9022,-40.8411,73.85,91,100,6.2,overcast clouds
403,Parkes,AU,-33.1333,148.1833,73.35,87,91,1.01,light rain
404,Tres Arroyos,AR,-38.3739,-60.2798,66.0,68,9,19.19,clear sky
405,Omboue,GA,-1.5746,9.2618,82.22,74,100,4.29,overcast clouds
406,Pangody,RU,65.85,74.4859,-5.64,96,97,7.99,overcast clouds
407,Billings,US,45.7833,-108.5007,39.51,44,40,18.41,scattered clouds
408,Iqaluit,CA,63.7506,-68.5145,-29.94,97,81,3.49,broken clouds
409,Novaya Bryan,RU,51.7159,108.2691,-5.03,81,99,2.15,overcast clouds
410,Yuanping,CN,38.7153,112.7575,35.15,29,100,16.28,overcast clouds
411,Balabac,PH,7.9868,117.0645,83.71,67,72,3.18,broken clouds
412,Caraballeda,VE,10.6112,-66.8522,73.47,76,20,0.0,few clouds
413,Thyboron,DK,56.6985,8.2124,41.22,70,6,45.39,clear sky
414,Grenville,GD,12.1167,-61.6167,77.25,77,78,17.02,broken clouds
415,Balsas,BR,-7.5325,-46.0356,68.72,86,100,2.84,overcast clouds
416,Chimoio,MZ,-19.1164,33.4833,76.37,63,30,5.44,scattered clouds
417,Quatre Cocos,MU,-20.2078,57.7625,87.1,65,62,15.86,broken clouds
418,Palauig,PH,15.435,119.9045,80.58,81,40,11.5,scattered clouds
419,Vostok,RU,46.4856,135.8833,-8.27,98,100,1.97,overcast clouds
420,Karonga,MW,-9.9333,33.9333,75.42,78,98,1.34,overcast clouds
421,Hammerfest,NO,70.6634,23.6821,28.85,69,75,13.8,broken clouds
422,Kangaatsiaq,GL,68.3065,-53.4641,5.94,89,100,16.8,light snow
423,North Platte,US,41.1239,-100.7654,21.09,68,0,5.75,clear sky
424,Yumen,CN,40.2833,97.2,23.45,32,0,7.2,clear sky
425,Ryazhsk,RU,53.7038,40.1109,21.24,96,82,8.28,snow
426,Fengcheng,CN,40.4536,124.0717,31.14,23,0,5.37,clear sky
427,Matamoros,MX,25.5333,-103.25,48.11,60,0,0.85,clear sky
428,Chardara,KZ,41.2547,67.9692,43.97,55,52,10.11,broken clouds
429,Alta Floresta,BR,-9.8756,-56.0861,69.17,99,100,3.24,moderate rain
430,Mocuba,MZ,-16.8392,36.9856,81.64,73,50,3.78,light rain
431,Ust-Maya,RU,60.4167,134.5333,-19.53,98,100,0.56,overcast clouds
432,Camacupa,AO,-12.0167,17.4833,63.66,93,100,4.36,light rain
433,Gijon,ES,43.5357,-5.6615,46.0,89,41,3.0,scattered clouds
434,Alpena,US,45.0617,-83.4327,16.12,83,100,1.01,overcast clouds
435,Kyren,RU,51.6828,102.1408,10.17,86,30,1.34,scattered clouds
436,Kingaroy,AU,-26.5333,151.8333,79.05,74,100,6.85,overcast clouds
437,Tezpur,IN,26.6333,92.8,72.07,34,0,3.94,clear sky
438,Sao Felix Do Xingu,BR,-6.6447,-51.995,69.04,97,100,1.57,overcast clouds
439,Zyryanka,RU,65.75,150.85,-27.09,100,100,3.06,overcast clouds
440,Hirara,JP,24.8,125.2833,65.35,78,100,34.38,overcast clouds
441,Cherskiy,RU,68.75,161.3,-27.13,100,58,2.59,broken clouds
442,Linkuva,LT,56.0856,23.9725,36.27,77,98,17.18,overcast clouds
443,Svobodnyy,RU,51.4,128.1333,-0.44,88,59,4.32,broken clouds
444,Vostochnyy,RU,55.8167,37.8667,25.07,94,100,9.08,overcast clouds
445,Kajaani,FI,64.2273,27.7285,21.25,86,100,10.36,overcast clouds
446,Kologriv,RU,58.8275,44.3178,13.71,94,93,6.98,overcast clouds
447,Flin Flon,CA,54.7682,-101.865,1.27,97,100,5.06,overcast clouds
448,Batagay-Alyta,RU,67.8006,130.4114,-21.59,97,65,3.38,broken clouds
449,Marovoay,MG,-16.1,46.6333,88.7,59,4,1.88,clear sky
450,Skelleftea,SE,64.7507,20.9528,19.99,64,100,3.0,overcast clouds
451,Christchurch,NZ,-43.5333,172.6333,67.03,68,100,1.01,overcast clouds
452,Monopoli,IT,40.9559,17.2896,49.77,61,0,11.03,clear sky
453,Ahuimanu,US,21.4447,-157.8378,73.85,73,0,6.91,clear sky
454,Oranjemund,NA,-28.55,16.4333,70.47,72,16,5.93,few clouds
455,Okhotsk,RU,59.3833,143.3,15.42,81,100,11.52,overcast clouds
456,San Roque,ES,36.2107,-5.3842,58.03,67,0,16.11,clear sky
457,San Ramon,US,37.7799,-121.978,52.99,72,0,1.99,clear sky
458,Sainte-Rose,GP,16.3324,-61.6979,69.84,94,0,1.14,clear sky
459,Half Moon Bay,US,37.4636,-122.4286,54.48,57,0,0.0,clear sky
460,Wilkie,CA,52.4168,-108.7014,25.9,79,100,5.75,overcast clouds
461,Lardos,GR,36.0942,28.0157,55.94,79,100,24.76,overcast clouds
462,Xining,CN,36.6167,101.7667,24.55,44,14,4.38,few clouds
463,Ha Giang,VN,22.8333,104.9833,60.67,86,98,4.65,overcast clouds
464,Delta,NG,5.5,6.0,80.6,21,100,3.76,overcast clouds
465,Conde,BR,-7.2597,-34.9075,74.66,100,75,0.0,broken clouds
466,Soyo,AO,-6.1349,12.3689,82.04,76,81,3.76,light rain
467,Nisia Floresta,BR,-6.0911,-35.2086,76.01,88,100,6.13,overcast clouds
468,Verkhnyaya Inta,RU,65.9811,60.3094,18.01,84,100,3.31,overcast clouds
469,Aswan,EG,24.0934,32.907,58.59,36,54,12.26,broken clouds
470,Kutum,SD,14.2,24.6667,60.01,16,4,9.17,clear sky
471,Holoby,UA,51.0865,25.0077,38.05,97,100,22.44,overcast clouds
472,Taua,BR,-5.9667,-40.3,68.79,92,99,2.39,overcast clouds
473,Manokwari,ID,-0.8667,134.0833,79.9,80,100,5.57,overcast clouds
474,Vanavara,RU,60.34,102.2797,3.45,92,100,2.98,overcast clouds
475,Finspang,SE,58.7058,15.7674,37.94,59,100,21.99,overcast clouds
476,Koumac,NC,-20.5667,164.2833,81.01,78,100,4.5,overcast clouds
477,Tobol,KZ,52.6844,62.5794,12.24,85,100,6.22,overcast clouds
478,Ola,RU,59.5833,151.2833,13.5,76,100,10.67,overcast clouds
479,Poshekhonye,RU,58.4993,39.1353,15.55,94,100,8.66,overcast clouds
480,Sistranda,NO,63.7256,8.834,37.36,65,100,32.7,light rain
481,Port Blair,IN,11.6667,92.75,81.84,63,87,5.88,overcast clouds
482,Pachino,IT,36.7186,15.0907,49.6,49,3,4.65,clear sky
483,Shanhetun,CN,44.7,127.2,6.37,93,38,3.94,scattered clouds
484,Ukiah,US,39.1502,-123.2078,49.01,72,0,0.0,clear sky
485,Oranjestad,AW,12.524,-70.027,77.52,73,10,11.34,clear sky
486,Mathbaria,BD,22.2876,89.9593,77.58,24,0,8.57,clear sky
487,Sakaiminato,JP,35.55,133.2333,40.46,91,100,15.61,overcast clouds
488,Ketchikan,US,55.3422,-131.6461,37.38,86,75,6.91,broken clouds
489,Margate,GB,51.3813,1.3862,38.3,84,5,1.01,clear sky
490,Mitzic,GA,0.7821,11.549,75.99,76,99,3.74,light rain
491,Berdigestyakh,RU,62.0989,126.6992,-13.54,100,100,2.89,overcast clouds
492,Kamaishi,JP,39.2667,141.8833,29.19,58,38,11.79,scattered clouds
493,Ust-Kut,RU,56.7938,105.7672,8.83,89,100,1.3,overcast clouds
494,Maraba,BR,-5.3686,-49.1178,73.58,100,20,0.0,few clouds
495,Dorogobuzh,RU,54.915,33.2972,24.89,95,100,15.66,light snow
496,Brae,GB,60.3964,-1.353,39.11,62,100,8.12,overcast clouds
497,Joshimath,IN,30.5667,79.5667,56.28,36,0,5.77,clear sky
498,Yima,CN,34.7381,111.8839,39.47,63,9,12.57,clear sky
499,Harwich,GB,51.9419,1.2844,36.0,85,8,3.0,clear sky
500,Chake Chake,TZ,-5.2459,39.7666,85.55,60,100,9.86,overcast clouds
501,Nador,MA,35.174,-2.9287,53.85,82,20,2.3,few clouds
502,Belyy Yar,RU,53.6039,91.3903,-2.31,78,29,0.0,mist
503,Dawlatabad,AF,36.4141,64.9053,47.52,59,100,4.88,overcast clouds
504,Buarcos,PT,40.166,-8.8768,48.78,46,30,7.78,scattered clouds
505,Grand Island,US,40.925,-98.342,30.29,53,0,1.99,clear sky
506,Itapolis,BR,-21.5956,-48.8128,68.95,95,100,8.37,overcast clouds
507,Klaksvik,FO,62.2266,-6.589,34.72,81,100,17.76,overcast clouds
508,Voh,NC,-20.9667,164.7,80.31,81,100,5.03,overcast clouds
509,Pitimbu,BR,-7.4706,-34.8086,75.79,82,100,8.19,light rain
510,Dawei,MM,14.0833,98.2,86.05,49,78,9.95,broken clouds
511,Riviere-Au-Renard,CA,48.9957,-64.3971,21.2,95,100,22.77,snow
512,Boa Vista,BR,2.8197,-60.6733,75.18,69,0,5.75,clear sky
513,Allapalli,IN,19.4167,80.0667,84.96,13,0,4.45,clear sky
514,Samana,DO,19.2056,-69.3369,69.96,77,0,2.26,clear sky
515,Tokur,RU,53.1333,132.9,-10.66,98,100,2.44,overcast clouds
516,Odweyne,SO,9.4092,45.064,80.02,12,55,11.48,broken clouds
517,Nemuro,JP,43.3236,145.575,19.85,55,95,11.81,overcast clouds
518,High Level,CA,58.5169,-117.136,1.51,85,100,9.22,light snow
519,Khuzdar,PK,27.7384,66.6434,66.36,22,0,9.53,clear sky
520,Eyl,SO,7.9803,49.8164,82.76,52,92,18.34,overcast clouds
521,Ust-Karsk,RU,52.7011,118.8077,3.07,91,7,0.6,clear sky
522,Visnes,NO,59.3556,5.2242,41.05,60,75,33.38,broken clouds
523,Pacific Grove,US,36.6177,-121.9166,51.62,84,0,4.61,clear sky
524,Panguna,PG,-6.3164,155.4848,71.24,94,100,1.61,overcast clouds
525,Hearst,CA,49.6835,-83.6665,-5.55,96,100,5.39,overcast clouds
526,Senanga,ZM,-16.1167,23.2667,64.99,96,100,9.53,light rain
527,Tuatapere,NZ,-46.1333,167.6833,61.83,91,100,2.15,overcast clouds
528,Mackay,AU,-21.15,149.2,81.68,75,9,12.62,clear sky
529,The Pas,CA,53.8251,-101.2541,1.42,85,75,8.05,broken clouds
530,Igarka,RU,67.4667,86.5833,-0.63,95,100,11.32,overcast clouds
531,Hovd,MN,48.0056,91.6419,-3.75,83,22,2.93,few clouds
532,Nuevo Progreso,MX,23.1667,-97.95,59.59,68,6,5.61,clear sky
533,Koping,SE,59.514,15.9926,38.5,57,100,19.64,overcast clouds
534,Itarema,BR,-2.9248,-39.9167,74.1,91,100,6.02,overcast clouds
535,Abalak,RU,58.1286,68.5944,10.54,86,100,6.6,overcast clouds
536,Miri,MY,4.4148,114.0089,78.94,94,40,2.3,scattered clouds
537,Sungaipenuh,ID,-2.0833,101.3833,75.6,77,99,2.37,overcast clouds
538,Kolvereid,NO,64.8655,11.6047,34.84,65,100,32.28,light snow
539,Santa Maria,BR,-29.6842,-53.8069,59.99,90,0,5.44,clear sky
540,Ukhta,RU,63.5671,53.6835,15.13,93,100,5.68,overcast clouds
541,Methoni,GR,36.8197,21.7049,53.46,60,3,8.41,clear sky
542,Coihaique,CL,-45.5752,-72.0662,43.41,75,20,2.3,few clouds
543,Kilindoni,TZ,-7.9139,39.6668,80.56,76,99,10.45,light rain
544,Gweta,BW,-20.1833,25.2333,72.77,76,100,14.7,overcast clouds
545,Kulhudhuffushi,MV,6.6221,73.07,82.69,72,15,15.41,few clouds
546,Kandrian,PG,-6.2167,149.55,80.67,78,100,13.67,overcast clouds
547,Pumiao,CN,22.75,108.4833,52.2,51,84,13.0,broken clouds
548,Eskisehir,TR,39.7767,30.5206,21.11,73,0,8.05,clear sky
549,Hanmer Springs,NZ,-42.5167,172.8167,57.81,83,100,2.64,overcast clouds
550,Pangkalanbuun,ID,-2.6833,111.6167,89.06,52,100,3.74,light rain
551,Troitskoye,RU,52.9821,84.6757,16.23,80,21,3.62,few clouds
552,The Valley,AI,18.217,-63.0578,76.1,75,7,12.62,clear sky
553,Danville,US,36.586,-79.395,20.21,58,0,3.44,clear sky
554,Bela Vista,BR,-22.1089,-56.5211,70.39,78,14,0.89,few clouds
555,Nautla,MX,20.2167,-96.7833,58.44,76,96,3.31,overcast clouds
556,Roald,NO,62.5833,6.1333,37.9,80,75,19.57,broken clouds
557,Dickson,US,36.077,-87.3878,33.04,47,100,3.0,overcast clouds
558,Smithers,CA,54.7804,-127.1743,28.72,100,100,2.3,overcast clouds
559,Mecca,SA,21.4267,39.8261,69.4,55,89,4.61,overcast clouds
560,Isangel,VU,-19.55,169.2667,78.94,90,100,11.99,overcast clouds
561,Kaduqli,SD,11.0167,29.7167,74.46,12,24,14.72,few clouds
562,Elban,RU,50.1018,136.5094,-16.69,100,91,2.15,overcast clouds
563,Lata,PT,40.1629,-8.3327,47.05,48,38,5.32,scattered clouds
564,Augusto Correa,BR,-1.0217,-46.635,72.66,95,100,2.77,light rain
565,Huangmei,CN,30.1924,116.025,42.64,63,83,3.18,broken clouds
566,Abengourou,CI,6.7297,-3.4964,72.99,35,12,2.37,few clouds
567,Deputatskiy,RU,69.3,139.9,-23.35,100,72,2.93,broken clouds
568,Sao Miguel Do Araguaia,BR,-13.275,-50.1628,69.62,97,100,4.94,light rain
569,Port Hawkesbury,CA,45.6169,-61.3485,46.69,97,100,10.0,mist
570,Morro Bay,US,35.3658,-120.8499,53.56,62,0,1.99,clear sky
571,Buchanan,LR,5.8808,-10.0467,76.96,87,70,5.37,broken clouds
572,Adre,TD,13.4667,22.2,66.04,16,4,15.01,clear sky
573,Chiredzi,ZW,-21.05,31.6667,82.13,54,98,10.13,overcast clouds
574,Tete,MZ,-16.1564,33.5867,80.69,78,75,5.75,broken clouds
575,Victor Harbor,AU,-35.5667,138.6167,84.29,81,0,1.99,clear sky
576,Rajauri,IN,33.3833,74.3,62.19,31,52,3.13,broken clouds
577,Ambilobe,MG,-13.2,49.05,84.69,69,35,5.64,light rain
578,Chifeng,CN,42.2683,118.9636,26.01,21,3,5.26,clear sky
579,Bintulu,MY,3.1667,113.0333,84.61,84,40,8.05,thunderstorm
580,Gat,IL,31.61,34.7642,59.92,41,0,3.53,clear sky
581,Acapulco,MX,16.8634,-99.8901,75.02,83,40,3.44,scattered clouds
582,Lodja,CD,-3.4833,23.4333,84.11,53,100,2.44,overcast clouds
583,Taltal,CL,-25.4,-70.4833,63.23,84,39,2.21,scattered clouds
584,Polson,US,47.6936,-114.1632,23.14,64,36,2.37,scattered clouds
585,Eston,CA,51.1501,-108.7514,26.49,89,100,1.92,overcast clouds
586,Ostrovnoy,RU,68.0531,39.5131,19.96,93,100,10.96,light snow
587,Alcaniz,ES,41.05,-0.1333,53.74,44,0,2.1,clear sky
588,Yerbogachen,RU,61.2767,108.0108,1.71,95,100,4.27,overcast clouds
589,Alice Springs,AU,-23.7,133.8833,83.75,70,40,13.8,light intensity shower rain
590,Nishihara,JP,26.1842,127.7558,61.88,94,100,14.97,overcast clouds
591,Owasso,US,36.2695,-95.8547,47.55,52,0,0.0,clear sky
592,Bure,ET,10.7,37.0667,73.53,34,34,5.32,scattered clouds
593,Maceio,BR,-9.6658,-35.7353,76.44,88,75,2.3,broken clouds
594,Phek,IN,25.6667,94.5,54.05,47,65,3.33,broken clouds
595,Mugur-Aksy,RU,50.35,90.5,11.43,69,22,2.93,few clouds
596,Te Anau,NZ,-45.4167,167.7167,60.64,86,97,1.77,overcast clouds
597,Zhigansk,RU,66.7697,123.3711,-28.7,99,88,5.59,overcast clouds
598,San Vicente,AR,-26.6167,-54.1333,58.08,99,27,2.35,scattered clouds
599,Marau,BR,-28.4492,-52.2,60.62,87,67,4.9,broken clouds
600,Kyzyl,RU,51.7,94.45,-8.18,92,63,1.05,broken clouds
601,Kuytun,RU,54.3419,101.5036,0.03,95,78,2.71,broken clouds
602,Vilhena,BR,-12.7406,-60.1458,68.43,99,100,2.77,overcast clouds
603,Castelo Branco,PT,39.8222,-7.4909,38.79,51,4,5.35,clear sky
604,Lubango,AO,-14.9172,13.4925,67.71,52,99,4.99,overcast clouds
605,Erenhot,CN,43.6475,111.9767,11.97,80,100,16.89,overcast clouds
606,Rylsk,RU,51.5655,34.6822,24.31,95,100,19.89,snow
607,Kambove,CD,-10.8764,26.5969,63.93,97,100,4.43,moderate rain
608,Vendome,FR,47.8,1.0667,46.09,99,98,5.57,overcast clouds
609,Levittown,US,40.1551,-74.8288,13.42,68,0,1.01,clear sky
610,Cusco,PE,-13.5183,-71.9781,42.73,96,100,5.39,overcast clouds
611,Qaqortoq,GL,60.7167,-46.0333,9.1,83,78,6.33,broken clouds
612,Riyadh,SA,24.6877,46.7219,57.34,44,0,9.22,clear sky
613,Roma,US,43.2128,-75.4557,4.66,73,0,0.0,clear sky
614,Penzance,GB,50.1186,-5.5371,44.76,76,57,4.61,broken clouds
615,Guasdualito,VE,7.2424,-70.7324,77.0,65,99,3.44,overcast clouds
616,Laurel,US,39.0993,-76.8483,19.85,54,75,3.0,broken clouds
617,Esterhazy,CA,50.65,-102.0843,7.65,97,100,6.26,overcast clouds
618,Mount Isa,AU,-20.7333,139.5,85.77,58,100,10.36,heavy intensity rain
619,Daman,IN,20.4167,72.85,77.81,34,0,9.6,clear sky
620,Luau,AO,-10.7073,22.2247,72.36,83,99,7.76,light rain
621,Yilan,TW,24.757,121.753,56.55,88,100,7.61,light rain
622,Mehamn,NO,71.0357,27.8492,27.3,89,87,10.0,snow
623,Fort Nelson,CA,58.8053,-122.7002,0.99,78,100,5.75,light snow
624,Yatou,CN,37.15,122.3833,34.9,44,0,9.55,clear sky
625,Gondanglegi,ID,-7.7479,112.0132,80.17,85,99,7.16,moderate rain
626,Rio Tercero,AR,-32.173,-64.1141,60.46,69,0,5.44,clear sky
627,Nabinagar,BD,23.8917,90.9733,75.27,35,0,6.69,clear sky
628,Berezovyy,RU,51.6667,135.7,1.96,99,100,0.78,light snow
629,Peleduy,RU,59.6289,112.7406,-2.9,99,100,2.64,overcast clouds
630,Canavieiras,BR,-15.675,-38.9472,75.24,89,99,4.25,overcast clouds
631,Berbera,SO,10.4396,45.0143,78.93,55,98,9.31,overcast clouds
632,Luxor,EG,25.6989,32.6421,57.15,37,1,8.9,clear sky
633,Quzhou,CN,28.9594,118.8686,40.35,87,93,1.52,overcast clouds
634,Bayangol,RU,50.6977,103.4656,10.67,69,21,1.01,few clouds
635,Rio Verde De Mato Grosso,BR,-18.9181,-54.8442,69.6,99,84,3.98,broken clouds
636,Inhambane,MZ,-23.865,35.3833,81.55,55,100,8.34,overcast clouds
637,Presidencia Roque Saenz Pena,AR,-26.7852,-60.4388,65.66,48,0,5.21,clear sky
638,Lac Du Bonnet,CA,50.2536,-96.0612,-8.41,100,96,0.27,overcast clouds
639,Eenhana,NA,-17.4667,16.3333,65.97,84,100,9.86,light rain
640,Socorro,US,31.6546,-106.3033,48.88,38,0,5.75,clear sky
641,Alofi,NU,-19.0595,-169.9187,76.89,94,100,4.61,overcast clouds
642,Suoyarvi,RU,62.0833,32.35,18.34,92,100,9.69,light snow
643,Kankan,GN,10.3854,-9.3057,71.62,22,10,5.32,clear sky
644,Payo,ID,-3.7508,103.6372,85.69,72,88,3.36,overcast clouds
645,Inuvik,CA,68.3499,-133.7218,-15.74,76,100,1.14,light snow
646,Hendaye,FR,43.3717,-1.7738,43.25,91,100,1.14,mist
647,Ribeira Brava,PT,32.65,-17.0667,63.23,36,5,7.87,clear sky
648,Tessalit,ML,20.1986,1.0114,66.76,15,5,13.62,clear sky
649,Baijiantan,CN,45.6333,85.1833,11.32,83,100,3.47,overcast clouds
650,Dhidhdhoo,MV,6.8833,73.1,82.76,73,16,15.7,few clouds
651,Dunedin,NZ,-45.8742,170.5036,61.81,80,100,5.99,overcast clouds
652,Cap Malheureux,MU,-19.9842,57.6142,87.48,58,42,8.99,scattered clouds
653,Zhangye,CN,38.9342,100.4517,23.86,36,0,2.55,clear sky
654,Oleksandrivka,UA,48.9634,32.2349,26.96,89,100,20.02,light snow
655,Mezen,RU,65.8522,44.24,12.16,92,100,9.75,overcast clouds
656,Badou,TG,7.5833,0.6,78.01,20,100,6.38,overcast clouds
657,Beloha,MG,-25.1667,45.05,95.54,23,10,5.23,clear sky
658,Bogande,BF,12.9714,-0.1436,69.93,14,5,15.7,clear sky
659,Asosa,ET,10.0667,34.5333,78.96,25,62,2.89,broken clouds
660,Okha,RU,53.5739,142.9478,-5.71,96,100,6.8,overcast clouds
661,Tommot,RU,58.9564,126.2925,-1.16,95,100,7.29,overcast clouds
662,San Andres,CO,12.5847,-81.7006,77.02,73,20,5.75,few clouds
663,Kimbe,PG,-5.5502,150.1429,78.93,87,91,3.36,light rain
664,Malyye Derbety,RU,47.9547,44.6808,32.23,86,86,18.75,light snow
665,Baoma,CN,31.4859,106.1128,49.23,52,99,4.9,overcast clouds
666,Mingshui,CN,36.7167,117.5,42.57,33,0,1.1,clear sky
667,Aksha,RU,50.2814,113.2867,7.97,74,15,5.44,few clouds
668,Sompeta,IN,18.9333,84.6,76.73,41,5,7.63,clear sky
669,Luan,CH,46.3592,6.9759,36.68,81,78,1.7,broken clouds
670,Talas,TR,38.6908,35.5538,16.47,73,75,4.61,broken clouds
671,Grants Pass,US,42.439,-123.3284,52.48,78,0,0.0,clear sky
672,Jacareacanga,BR,-6.2222,-57.7528,70.36,100,100,2.01,heavy intensity rain
673,Davila,PH,18.4726,120.5763,78.78,79,89,18.63,overcast clouds
674,Gaoua,BF,10.2992,-3.2508,73.56,17,3,8.97,clear sky
675,La Rioja,ES,42.25,-2.5,33.12,33,0,6.22,clear sky
676,Araouane,ML,18.9048,-3.5265,67.75,13,34,11.5,scattered clouds
677,Marsabit,KE,2.3284,37.9899,73.29,52,24,16.71,few clouds
